"codsubcuenta","concepto","codcontrapartida","debe","haber","id","idasientopre","orden"
"640.B","Sueldo","","D","","4","1","0"
"642.B","Seguridad Social Empresa","","S","","5","1","5"
"4751.B","Retenciones","","","R","3","1","10"
"465.A","Pendiente de pago","","","L","2","1","15"
"476.B","Seguridad Social Acreedora","","","Z","6","1","20"
"465.A","Pago nómina {NOMBREMES}","","I","","16","2","0"
"572.B","Pago nómina {NOMBREMES}","","","I","17","2","5"
"642.A","Cuota autónomo {NOMBREMES}","","B","","12","3","0"
"476.A","Cuota autónomo {NOMBREMES}","","","B","13","3","5"
"476.A","Pago cuota autónomo {NOMBREMES}","","B","","14","4","0"
"572.A","Pago cuota autónomo {NOMBREMES}","","","B","15","4","5"
"4750.A","Pago IVA modelo 303","","B","","21","5","0"
"572.C","Pago IVA modelo 303","","","B","29","5","5"
"4751.A","Pago retención IRPF modelo 111","","B","","22","6","0"
"572.C","Pago retención IRPF modelo 111","","","B","23","6","5"
"4751.A","Pago retención alquiler modelo 115","","B","","24","7","0"
"572.C","Pago retención alquiler modelo 115","","","B","25","7","5"
"473.A","Pago fraccionado IRPF modelo 130","","B","","26","8","0"
"572.C","Pago fraccionado IRPF modelo 130","","","B","27","8","5"
"476.A","Pago SS {NOMBREMES}","","B","","40","9","0"
"572.C","Pago SS {NOMBREMES}","","","B","41","9","5"
"477.A","Regularización IVA {PERIODO}","","R","","42","10","0"
"472.A","Regularización IVA {PERIODO}","","","S","43","10","5"
"4750.A","IVA a ingresar {PERIODO}","","","Z","44","10","10"
"621.A","Alquiler {NOMBREMES}","","B","","45","11","0"
"472.A","IVA soportado alquiler {NOMBREMES}","","I","","46","11","5"
"4751.A","Retención IRPF alquiler {NOMBREMES}","","","R","47","11","10"
"410.A","Alquiler {NOMBREMES}","","","Z","48","11","15"
"410.A","Pago alquiler {NOMBREMES}","","I","","49","12","0"
"572.B","Pago alquiler {NOMBREMES}","","","I","50","12","5"
"4752.A","Pago impuesto sociedades","","B","","51","13","0"
"572.C","Pago impuesto sociedades","","","B","52","13","5"
"626.A","Comisiones bancarias {NOMBREMES}","","B","","53","14","0"
"572.C","Comisiones bancarias {NOMBREMES}","","","B","54","14","5"
"600.A","Compra de mercaderías","","B","","55","15","0"
"472.A","IVA soportado compra","","C","","56","15","5"
"400.A","Proveedor acreedor","","","Z","57","15","10"
"700.A","Venta de mercaderías","","","B","58","16","0"
"477.A","IVA repercutido venta","","","C","59","16","5"
"430.A","Cliente deudor","","Z","","60","16","10"
"572.A","Cobro cliente banco","","B","","61","17","0"
"430.A","Cancelación deuda cliente","","","B","62","17","5"
"400.A","Cancelación deuda proveedor","","B","","63","18","0"
"572.A","Pago proveedor banco","","","B","64","18","5"
"681.A","Amortización inmovilizado material","","B","","65","19","0"
"2813.A","Amortización acumulada maquinaria","","","B","66","19","5"
"680.A","Amortización inmovilizado intangible","","B","","67","20","0"
"2806.A","Amortización acumulada intangible","","","B","68","20","5"
"213.A","Maquinaria / inmovilizado material","","B","","69","21","0"
"472.A","IVA soportado compra inmovilizado","","C","","70","21","5"
"523.A","Proveedor inmovilizado a corto plazo","","","Z","71","21","10"
"628.A","Suministros (luz, agua, gas)","","B","","72","22","0"
"472.A","IVA soportado suministros","","C","","73","22","5"
"410.A","Acreedor suministrador","","","Z","74","22","10"
"622.A","Reparaciones y conservación","","B","","75","23","0"
"472.A","IVA soportado reparaciones","","C","","76","23","5"
"410.A","Acreedor reparaciones","","","Z","77","23","10"
"623.A","Honorarios profesional","","B","","78","24","0"
"4751.A","Retención IRPF profesional","","","R","79","24","5"
"410.A","Acreedor profesional","","","Z","80","24","10"
"6623.A","Intereses de préstamo","","B","","81","25","0"
"572.A","Pago intereses banco","","","B","82","25","5"
"740.A","Subvención de explotación concedida","","","B","83","26","0"
"4708.A","Organismos públicos deudores por subvención","","Z","","84","26","5"
"490.A","Deterioro de créditos por operaciones comerciales","","","B","85","27","0"
"694.A","Dotación deterioro créditos","","B","","86","27","5"
"480.A","Gastos anticipados seguros (prima pagada)","","B","","87","28","0"
"572.A","Pago prima seguro banco","","","B","88","28","5"
"129.A","Resultado del ejercicio","","B","","89","29","0"
"526.A","Dividendo activo a pagar","","","B","90","29","5"
"129.A","Resultado del ejercicio","","B","","91","30","0"
"113.A","Reservas voluntarias","","","B","92","30","5"
"700.A","Devolución venta (menor ingreso)","","Z","","93","31","0"
"477.A","IVA repercutido devuelto","","B","","94","31","5"
"430.A","Abono a cliente","","","B","95","31","10"
"600.A","Devolución compra (menor gasto)","","","Z","96","32","0"
"472.A","IVA soportado devuelto","","","B","97","32","5"
"400.A","Abono de proveedor","","B","","98","32","10"
"570.A","Cobro en caja","","B","","99","33","0"
"430.A","Cancelación deuda cliente caja","","","B","100","33","5"
"600.A","Compra intracomunitaria mercaderías","","B","","101","34","0"
"472.A","IVA soportado intracomunitario (autorepercutido)","","C","","102","34","5"
"477.A","IVA repercutido intracomunitario (autorepercutido)","","","C","103","34","10"
"4004.A","Proveedor UE (moneda extranjera)","","","B","104","34","15"
"4304.A","Cliente UE (moneda extranjera)","","Z","","105","35","0"
"700.A","Entrega intracomunitaria exenta IVA 0%","","","B","106","35","5"
"623.A","Servicios recibidos de proveedor UE","","B","","107","36","0"
"472.A","IVA soportado ISP servicios UE","","C","","108","36","5"
"477.A","IVA repercutido ISP servicios UE","","","C","109","36","10"
"410.A","Acreedor proveedor UE servicios","","","B","110","36","15"
"4304.A","Cliente UE servicios prestados","","Z","","111","37","0"
"705.A","Prestación servicios a cliente UE exenta","","","B","112","37","5"
"681.A","Amortización construcciones","","B","","113","38","0"
"2811.A","Amortización acumulada construcciones","","","B","114","38","5"
"681.A","Amortización instalaciones técnicas","","B","","115","39","0"
"2812.A","Amortización acumulada instalaciones técnicas","","","B","116","39","5"
"681.A","Amortización maquinaria","","B","","117","40","0"
"2813.A","Amortización acumulada maquinaria","","","B","118","40","5"
"681.A","Amortización utillaje","","B","","119","41","0"
"2814.A","Amortización acumulada utillaje","","","B","120","41","5"
"681.A","Amortización otras instalaciones","","B","","121","42","0"
"2815.A","Amortización acumulada otras instalaciones","","","B","122","42","5"
"681.A","Amortización mobiliario","","B","","123","43","0"
"2816.A","Amortización acumulada mobiliario","","","B","124","43","5"
"681.A","Amortización equipos informáticos","","B","","125","44","0"
"2817.A","Amortización acumulada equipos informáticos","","","B","126","44","5"
"681.A","Amortización elementos de transporte","","B","","127","45","0"
"2818.A","Amortización acumulada elementos de transporte","","","B","128","45","5"
"681.A","Amortización otro inmovilizado material","","B","","129","46","0"
"2819.A","Amortización acumulada otro inmovilizado material","","","B","130","46","5"
"682.A","Amortización inversiones inmobiliarias","","B","","131","47","0"
"282.A","Amortización acumulada inversiones inmobiliarias","","","B","132","47","5"
"680.A","Amortización aplicaciones informáticas","","B","","133","48","0"
"2806.A","Amortización acumulada aplicaciones informáticas","","","B","134","48","5"
"680.A","Amortización propiedad industrial","","B","","135","49","0"
"2803.A","Amortización acumulada propiedad industrial","","","B","136","49","5"
"680.A","Amortización concesiones administrativas","","B","","137","50","0"
"2802.A","Amortización acumulada concesiones administrativas","","","B","138","50","5"
"680.A","Amortización investigación","","B","","139","51","0"
"2800.A","Amortización acumulada investigación","","","B","140","51","5"
"680.A","Amortización desarrollo","","B","","141","51","10"
"2801.A","Amortización acumulada desarrollo","","","B","142","51","15"
"6959.A","Dotación provisión responsabilidades","","B","","143","52","0"
"142.A","Provisión para otras responsabilidades","","","B","144","52","5"
"6959.A","Dotación provisión para impuestos","","B","","145","53","0"
"141.A","Provisión para impuestos","","","B","146","53","5"
"6959.A","Dotación provisión reestructuración","","B","","147","54","0"
"146.A","Provisión para reestructuraciones","","","B","148","54","5"
"142.A","Reversión provisión responsabilidades","","B","","149","55","0"
"7952.A","Exceso provisión para otras responsabilidades","","","B","150","55","5"
"2910.A","Deterioro acumulado inmovilizado material (ver nota)","","B","","151","56","0"
"791.A","Reversión deterioro inmovilizado material","","","B","152","56","5"
"2813.A","Amortización acumulada eliminada","","C","","153","57","0"
"572.A","Cobro por venta inmovilizado","","D","","154","57","5"
"213.A","Baja inmovilizado (valor bruto / coste histórico)","","","B","155","57","10"
"771.A","Beneficio en venta inmovilizado","","","Z","156","57","15"
"2813.A","Amortización acumulada eliminada","","C","","157","58","0"
"671.A","Pérdida en venta inmovilizado","","Z","","158","58","5"
"572.A","Cobro por venta inmovilizado","","D","","159","58","10"
"213.A","Baja inmovilizado (valor bruto / coste histórico)","","","B","160","58","15"
"572.A","Recepción préstamo en banco","","B","","161","59","0"
"170.A","Deuda a largo plazo entidad crédito","","","B","162","59","5"
"5200.A","Pago cuota capital préstamo","","C","","163","60","0"
"6623.A","Intereses del préstamo","","D","","164","60","5"
"572.A","Pago banco cuota préstamo","","","Z","165","60","10"
"572.A","Disposición póliza de crédito","","B","","166","61","0"
"5201.A","Deuda a corto plazo crédito dispuesto","","","B","167","61","5"
"5201.A","Devolución póliza de crédito","","B","","168","62","0"
"572.A","Reintegro banco póliza","","","B","169","62","5"
"524.A","Cuota leasing capital CP","","C","","170","63","0"
"6623.A","Intereses leasing del periodo","","D","","171","63","5"
"572.A","Pago cuota leasing banco","","","Z","172","63","10"
"217.A","Alta bien en leasing (equipos informáticos)","","B","","173","64","0"
"174.A","Acreedor arrendamiento financiero LP","","","C","174","64","5"
"524.A","Acreedor arrendamiento financiero CP","","","D","175","64","10"
"6300.A","Impuesto corriente IS","","B","","176","65","0"
"4752.A","H.P. acreedora por IS","","","B","177","65","5"
"129.A","Resultado del ejercicio","","B","","178","66","0"
"121.A","Resultados negativos ejercicios anteriores","","","B","179","67","0"
"129.A","Resultado ejercicio aplicado a compensar pérdidas","","B","","180","67","5"
"129.A","Resultado ejercicio dotación reserva legal","","B","","181","68","0"
"112.A","Reserva legal","","","B","182","68","5"
"300.A","Existencias iniciales regularizadas","","","B","183","69","0"
"610.A","Variación existencias mercaderías","","B","","184","69","5"
"460.A","Anticipo de remuneración","","B","","185","70","0"
"572.A","Pago anticipo nómina banco","","","B","186","70","5"
"641.A","Indemnización por despido","","B","","187","71","0"
"465.A","Remuneraciones pendientes de pago","","","B","188","71","5"
"649.A","Otros gastos sociales","","B","","189","72","0"
"410.A","Acreedor gastos sociales","","","Z","190","72","5"
"472.A","IVA soportado gastos sociales","","C","","191","72","10"
"624.A","Transporte y mensajería","","B","","192","73","0"
"472.A","IVA soportado transportes","","C","","193","73","5"
"410.A","Acreedor transporte","","","Z","194","73","10"
"627.A","Publicidad y propaganda","","B","","195","74","0"
"472.A","IVA soportado publicidad","","C","","196","74","5"
"410.A","Acreedor publicidad","","","Z","197","74","10"
"629.A","Otros servicios exteriores","","B","","198","75","0"
"472.A","IVA soportado otros servicios","","C","","199","75","5"
"410.A","Acreedor otros servicios","","","Z","200","75","10"
"631.A","Tributos (IAE, IBI, tasas)","","B","","201","76","0"
"572.A","Pago tributos banco","","","B","202","76","5"
"4310.A","Efecto comercial recibido de cliente","","B","","203","77","0"
"430.A","Cancelación deuda cliente","","","B","204","77","5"
"5208.A","Deuda banco efecto descontado","","","B","205","77","10"
"6653.A","Intereses descuento efecto","","C","","206","77","15"
"572.A","Líquido recibido banco (nominal - intereses)","","Z","","207","77","20"
"572.A","Cobro efecto vencimiento banco","","B","","208","78","0"
"5208.A","Cancelación deuda banco descuento","","","B","209","78","5"
"4315.A","Efecto comercial impagado","","B","","210","79","0"
"4310.A","Cancelación efecto en cartera","","","B","211","79","5"
"626.A","Comisión bancaria impago","","C","","212","79","10"
"572.A","Cargo banco comisión e impago","","","Z","213","79","15"
"572.A","Salida cuenta origen","","B","","214","80","0"
"572.B","Entrada cuenta destino","","","B","215","80","5"
"565.A","Fianza o depósito constituido","","B","","216","81","0"
"572.A","Pago fianza banco","","","B","217","81","5"
"572.A","Devolución fianza cobrada banco","","B","","218","82","0"
"565.A","Cancelación fianza constituida","","","B","219","82","5"
"572.A","Cobro subvención capital banco","","B","","220","83","0"
"130.A","Subvención oficial de capital","","","B","221","83","5"
"840.A","Transferencia subvención capital a PyG","","B","","222","84","0"
"746.A","Subvención capital imputada resultado","","","B","223","84","5"
"572.A","Aportación socios banco","","B","","224","85","0"
"100.A","Capital social ampliado","","","B","225","85","5"
"572.A","Recepción préstamo socio banco","","B","","226","86","0"
"551.A","Cuenta corriente con socio","","","B","227","86","5"
"551.A","Devolución préstamo a socio","","B","","228","87","0"
"572.A","Pago devolución banco","","","B","229","87","5"
"601.A","Compra materias primas","","B","","230","88","0"
"472.A","IVA soportado materias primas","","C","","231","88","5"
"400.A","Proveedor acreedor","","","Z","232","88","10"
"310.A","Existencias iniciales mat. primas regularizadas","","","B","233","89","0"
"611.A","Variación existencias materias primas","","B","","234","89","5"
"350.A","Existencias iniciales prod. terminados regularizadas","","","B","235","90","0"
"712.A","Variación existencias productos terminados","","B","","236","90","5"
"6931.A","Pérdidas deterioro mercaderías","","B","","237","91","0"
"390.A","Deterioro de valor mercaderías","","","B","238","91","5"
"206.A","Alta aplicación informática (software)","","B","","239","92","0"
"472.A","IVA soportado software","","C","","240","92","5"
"523.A","Proveedor inmovilizado a corto plazo","","","Z","241","92","10"
"628.A","Combustible / gasolina","","B","","242","93","0"
"472.A","IVA soportado gasolina 21%","","C","","243","93","5"
"570.A","Pago en efectivo (caja)","","","Z","244","93","10"
"629.A","Parking o peaje","","B","","245","94","0"
"472.A","IVA soportado parking 21%","","C","","246","94","5"
"570.A","Pago en efectivo (caja)","","","Z","247","94","10"
"629.A","Comida / dieta de empresa","","B","","248","95","0"
"472.A","IVA soportado comida 10%","","C","","249","95","5"
"570.A","Pago en efectivo (caja)","","","Z","250","95","10"
"624.A","Taxi / transporte urbano","","B","","251","96","0"
"472.A","IVA soportado taxi 10%","","C","","252","96","5"
"570.A","Pago en efectivo (caja)","","","Z","253","96","10"
"602.A","Material de oficina","","B","","254","97","0"
"472.A","IVA soportado material 21%","","C","","255","97","5"
"570.A","Pago en efectivo (caja)","","","Z","256","97","10"
"602.A","Pequeño material / ferretería","","B","","257","98","0"
"472.A","IVA soportado pequeño material 21%","","C","","258","98","5"
"570.A","Pago en efectivo (caja)","","","Z","259","98","10"
"629.A","Farmacia / botiquín empresa","","B","","260","99","0"
"472.A","IVA soportado farmacia","","C","","261","99","5"
"570.A","Pago en efectivo (caja)","","","Z","262","99","10"
"629.A","Hotel / alojamiento empleado en viaje","","B","","263","100","0"
"472.A","IVA soportado hotel 10%","","C","","264","100","5"
"570.A","Pago en efectivo (caja)","","","Z","265","100","10"
"629.A","Gasto con tarjeta bancaria","","B","","266","101","0"
"472.A","IVA soportado gasto tarjeta","","C","","267","101","5"
"572.A","Pago con tarjeta banco","","","Z","268","101","10"
"629.A","Tickets varios gastos menores","","B","","269","102","0"
"472.A","IVA soportado tickets varios","","C","","270","102","5"
"570.A","Pago en efectivo caja","","","Z","271","102","10"
"602.A","Compra otros aprovisionamientos","","B","","272","103","0"
"472.A","IVA soportado 21%","","C","","273","103","5"
"400.A","Proveedor acreedor","","","Z","274","103","10"
"623.A","Honorarios profesional (sin retención)","","B","","275","104","0"
"472.A","IVA soportado honorarios 21%","","C","","276","104","5"
"410.A","Acreedor profesional","","","Z","277","104","10"
"625.A","Prima de seguro (gasto del ejercicio)","","B","","278","105","0"
"410.A","Acreedor aseguradora","","","B","279","105","5"
"430.A","Cliente deudor (base + IVA)","","Z","","280","106","0"
"705.A","Prestación de servicios","","","B","281","106","5"
"477.A","IVA repercutido 21%","","","C","282","106","10"
"572.A","Cobro factura banco","","Z","","283","107","0"
"473.A","Retención IRPF soportada (nos retienen)","","C","","284","107","5"
"430.A","Cancelación deuda cliente","","","B","285","107","10"
"407.A","Anticipo a proveedor","","B","","286","108","0"
"472.A","IVA soportado anticipo","","C","","287","108","5"
"572.A","Pago anticipo banco","","","Z","288","108","10"
"572.A","Cobro anticipo banco","","Z","","289","109","0"
"477.A","IVA repercutido anticipo","","","C","290","109","5"
"438.A","Anticipo de cliente","","","B","291","109","10"
"600.A","Compra mercaderías (total)","","B","","292","110","0"
"472.A","IVA soportado total compra","","C","","293","110","5"
"407.A","Cancelación anticipo proveedor","","D","","294","110","10"
"400.A","Proveedor resto a pagar","","","Z","295","110","15"
"430.A","Cliente deudor (total factura)","","Z","","296","111","0"
"700.A","Venta mercaderías (total)","","","B","297","111","5"
"477.A","IVA repercutido total venta","","","C","298","111","10"
"438.A","Cancelación anticipo cliente","","","D","299","111","15"
"600.A","Compra mercaderías neta (con descuento)","","B","","300","112","0"
"6090.A","Descuento pronto pago sobre compra","","C","","301","112","5"
"472.A","IVA soportado sobre neto","","D","","302","112","10"
"400.A","Proveedor acreedor neto","","","Z","303","112","15"
"430.A","Cliente deudor neto (con descuento)","","Z","","304","113","0"
"700.A","Venta mercaderías bruta","","","B","305","113","5"
"7090.A","Descuento pronto pago sobre venta","","","C","306","113","10"
"477.A","IVA repercutido sobre neto","","","D","307","113","15"
"400.A","Rappel abonado por proveedor","","B","","308","114","0"
"6090.A","Rappel compras menor gasto","","","B","309","114","5"
"430.A","Rappel cargado a cliente","","","B","310","115","0"
"7090.A","Rappel ventas menor ingreso","","B","","311","115","5"
"600.A","Gasto suplido pagado por proveedor","","B","","312","116","0"
"555.A","Suplido pendiente de aplicación","","","B","313","116","5"
"400.A","Proveedor acreedor total","","","Z","314","116","10"
"555.A","Suplido recuperado del cliente","","B","","315","117","0"
"629.A","Gasto suplido repercutido al cliente","","","B","316","117","5"
"430.A","Cliente deudor suplido","","","Z","317","117","10"
"473.A","Pago fraccionado IS modelo 202","","B","","318","118","0"
"572.A","Pago banco modelo 202","","","B","319","118","5"
"669.A","Intereses de demora Hacienda","","B","","320","119","0"
"572.A","Pago banco intereses demora","","","B","321","119","5"
"659.A","Multa o sanción (no deducible en IS)","","B","","322","120","0"
"572.A","Pago banco sanción","","","B","323","120","5"
"436.A","Cliente de dudoso cobro","","B","","324","121","0"
"430.A","Baja saldo cliente ordinario","","","B","325","121","5"
"572.A","Cobro parcial del crédito fallido","","C","","326","122","0"
"650.A","Pérdida crédito incobrable","","Z","","327","122","5"
"436.A","Baja definitiva cliente dudoso","","","B","328","122","10"
"400.A","Deuda con proveedor cedida al banco (confirming)","","B","","329","123","0"
"5209.A","Deuda por operación de factoring/confirming","","","B","330","123","5"
"600.A","Gasto accrual pendiente de factura","","B","","331","124","0"
"472.A","IVA soportado estimado","","C","","332","124","5"
"4009.A","Proveedor factura pendiente de recibir","","","Z","333","124","10"
"629.A","Dietas y gastos de viaje empleado","","B","","334","125","0"
"465.A","Pendiente de pago a empleado","","","B","335","125","5"
"2806.A","Amortización acumulada intangible vendido","","C","","336","126","0"
"572.A","Cobro por venta intangible","","D","","337","126","5"
"206.A","Baja inmovilizado intangible (valor bruto)","","","B","338","126","10"
"770.A","Beneficio en venta inmovilizado intangible","","","Z","339","126","15"
"218.A","Vehículo empresa (valor total)","","B","","340","127","0"
"472.A","IVA soportado deducible 50%","","C","","341","127","5"
"523.A","Proveedor inmovilizado a corto plazo","","","Z","342","127","10"
"572.A","Cobro intereses bancarios","","B","","343","128","0"
"769.A","Otros ingresos financieros","","","B","344","128","5"
"572.A","Cobro donación banco","","B","","345","129","0"
"131.A","Donaciones y legados de capital","","","B","346","129","5"
"217.A","Móvil / tablet empresa (equipo proceso información)","","B","","347","130","0"
"472.A","IVA soportado 21%","","C","","348","130","5"
"523.A","Proveedor inmovilizado a corto plazo","","","Z","349","130","10"
"628.A","Energía eléctrica proporción actividad (% sobre total)","","B","","350","131","0"
"472.A","IVA soportado deducible proporción actividad","","C","","351","131","5"
"410.A","Acreedor compañía energía","","","Z","352","131","10"
"629.A","Telefonía fija","","B","","353","132","0"
"629.A","Telefonía móvil","","C","","354","132","5"
"629.A","Internet / fibra óptica","","D","","355","132","10"
"472.A","IVA soportado total telecomunicaciones","","E","","356","132","15"
"410.A","Acreedor operadora telecomunicaciones","","","Z","357","132","20"
"628.A","Combustible / carburante","","B","","358","133","0"
"472.A","IVA soportado carburante 10%","","C","","359","133","5"
"570.A","Pago en efectivo (caja)","","","Z","360","133","10"
"628.A","Electricidad PVPC","","B","","361","134","0"
"472.A","IVA soportado 10%","","C","","362","134","5"
"410.A","Acreedor comercializadora","","","Z","363","134","10"
"430.A","Arrendatario deudor","","Z","","364","135","0"
"705.A","Ingreso arrendamiento","","","B","365","135","5"
"477.A","IVA repercutido 21%","","","C","366","135","10"
"572.A","Cobro banco neto","","Z","","367","136","0"
"473.A","Retención IRPF soportada 19%","","B","","368","136","5"
"430.A","Cancela deuda arrendatario","","","C","369","136","10"
"640.A","Sueldos y salarios","","D","","370","137","0"
"642.A","SS empresa","","C-D","","371","137","5"
"476.A","SS acreedora","","","Z","372","137","10"
"4751.A","Retención IRPF","","","R","373","137","15"
"460.A","Cancela anticipo","","","E","374","137","20"
"465.A","Neto pendiente de pago","","","L","375","137","25"
"628.A","Gasoil calefacción","","B","","376","138","0"
"472.A","IVA soportado 21%","","C","","377","138","5"
"400.A","Proveedor gasoil","","","Z","378","138","10"
"600.A","Compra mercaderías IVA 4%","","B","","379","139","0"
"472.A","IVA soportado 4%","","C","","380","139","5"
"400.A","Proveedor acreedor","","","Z","381","139","10"
"629.A","Servicio limpieza","","B","","382","140","0"
"472.A","IVA soportado 21%","","C","","383","140","5"
"410.A","Acreedor limpieza","","","Z","384","140","10"
"629.A","Cuota comunidad propietarios","","B","","385","141","0"
"410.A","Administrador comunidad","","","Z","386","141","5"
"629.A","Gasto formación","","B","","387","142","0"
"472.A","IVA soportado 21%","","C","","388","142","5"
"410.A","Acreedor formadora","","","Z","389","142","10"
"623.A","Honorarios gestoría","","B","","390","143","0"
"472.A","IVA soportado 21%","","C","","391","143","5"
"410.A","Acreedor gestoría","","","Z","392","143","10"
"628.A","Suministro agua","","B","","393","144","0"
"472.A","IVA soportado 10%","","C","","394","144","5"
"410.A","Acreedor empresa agua","","","Z","395","144","10"
"217.A","Equipo informático","","B","","396","145","0"
"472.A","IVA soportado 21%","","C","","397","145","5"
"523.A","Proveedor inmovilizado CP","","","Z","398","145","10"
"621.A","Arrendamiento vehículo renting","","B","","399","146","0"
"472.A","IVA soportado 21%","","C","","400","146","5"
"410.A","Acreedor renting","","","Z","401","146","10"
"572.A","Cobro subvención banco","","B","","402","147","0"
"740.A","Subvención explotación concedida","","","B","403","147","5"
"473.A","Pago fraccionado IRPF módulos","","B","","404","148","0"
"572.A","Banco","","","B","405","148","5"
"4751.A","Retenciones a cuenta capital mobiliario","","B","","406","149","0"
"572.A","Banco","","","B","407","149","5"
"4730.A","H.P. deudora IRPF (pagos fraccionados 130/131)","","","B","408","150","0"
"4750.A","H.P. acreedora IRPF (cuota a pagar)","","B","","409","150","5"
"572.A","Banco (diferencia a ingresar o devolver)","","C","","410","150","10"
"640.A","Salario bruto periodo trabajado","","B","","411","151","0"
"642.A","SS empresa periodo trabajado","","C","","412","151","5"
"471.A","SS a recuperar - prestación IT a cargo SS","","D","","413","151","10"
"465.A","Remuneraciones pendientes de pago (neto)","","","E","414","151","15"
"4751.A","Retención IRPF","","","F","415","151","20"
"476.A","Cuotas SS a pagar TGSS","","","G","416","151","25"
"640.A","Salario días efectivamente trabajados","","B","","417","152","0"
"642.A","SS empresa (solo días trabajados)","","C","","418","152","5"
"465.A","Neto a pagar empleado días trabajados","","","D","419","152","10"
"4751.A","Retención IRPF días trabajados","","","E","420","152","15"
"476.A","SS empresa + obrera días trabajados","","","F","421","152","20"
"600.A","Compra mercaderías importación","","B","","422","153","0"
"472.A","IVA importación (liquidado por aduana)","","C","","423","153","5"
"4004.A","Proveedor extracomunitario","","","B","424","153","10"
"4751.A","IVA importación a pagar a aduana","","","C","425","153","15"
"477.A","IVA repercutido autoconsumo","","","B","426","154","0"
"628.A","Gasto por autoconsumo (valor coste del bien)","","C","","427","154","5"
"472.A","Ajuste IVA soportado (diferencia prorrata definitiva vs provisional)","","B","","428","155","0"
"477.A","IVA repercutido ajuste prorrata","","","B","429","155","5"
"4305.A","Cliente RECC (derechos de cobro)","","Z","","430","156","0"
"700.A","Venta mercaderías / servicios","","","B","431","156","5"
"4777.A","IVA repercutido RECC pendiente de cobro","","","C","432","156","10"
"572.A","Banco - cobro cliente RECC","","B","","433","157","0"
"4305.A","Cancelación cliente RECC","","","B","434","157","5"
"4777.A","IVA RECC pendiente (cancelación)","","C","","435","157","10"
"477.A","IVA repercutido devengado al cobro","","","C","436","157","15"
"4740.A","Activo por impuesto diferido","","B","","437","158","0"
"6301.A","Impuesto diferido (ingreso en PyG)","","","B","438","158","5"
"4745.A","Crédito fiscal BINs pendientes","","B","","439","159","0"
"6301.A","Impuesto diferido (ingreso)","","","B","440","159","5"
"6301.A","Impuesto diferido (gasto)","","B","","441","160","0"
"479.A","Pasivo por impuesto diferido","","","B","442","160","5"
"625.A","Prima seguro de salud autónomo y familia","","B","","443","161","0"
"410.A","Acreedor - compañía aseguradora","","","B","444","161","5"
"627.A","Gastos de representación","","B","","445","162","0"
"472.A","IVA soportado (si aplica)","","C","","446","162","5"
"572.A","Banco / caja","","","Z","447","162","10"
"623.A","Gasto kilometraje vehículo propio","","B","","448","163","0"
"572.A","Banco / caja","","","B","449","163","5"
"629.A","Cuota colegio / asociación profesional","","B","","450","164","0"
"410.A","Acreedor - colegio / asociación","","","B","451","164","5"
"623.A","Gasto servicios prestados por vinculado (precio acordado)","","B","","452","165","0"
"659.A","Ajuste operación vinculada (diferencia a valor mercado)","","C","","453","165","5"
"551.A","Cuenta corriente socio / crédito vinculado","","","Z","454","165","10"
"100.A","Capital social (reducción)","","B","","455","166","0"
"572.A","Banco - devolución a socios","","","B","456","166","5"
"572.A","Banco - ingreso Bizum","","B","","457","167","0"
"430.A","Cancelación deuda cliente","","","B","458","167","5"
"5409.A","Inversiones financieras temporales - criptomonedas","","B","","459","168","0"
"430.A","Cancelación deuda cliente","","","C","460","168","5"
"769.A","Beneficio por diferencia tipo de cambio crypto (si B>C)","","","D","461","168","10"
"430.A","Cliente deudor","","B","","462","169","0"
"705.A","Ventas / ingresos actividad","","","B","463","169","5"
"600.A","Compra mercaderías / gasto","","B","","464","170","0"
"472.A","IVA soportado","","C","","465","170","5"
"400.A","Proveedor vencimiento 1 (más próximo)","","","D","466","170","10"
"400.A","Proveedor vencimiento 2","","","E","467","170","15"
"400.A","Proveedor vencimiento 3 (más lejano)","","","F","468","170","20"
"400.A","Cancelación vencimiento proveedor","","B","","469","171","0"
"572.A","Banco","","","B","470","171","5"
"430.A","Cliente vencimiento 1 (más próximo)","","D","","471","172","0"
"430.A","Cliente vencimiento 2","","E","","472","172","5"
"430.A","Cliente vencimiento 3 (más lejano)","","F","","473","172","10"
"700.A","Venta mercaderías / ingresos","","","B","474","172","15"
"477.A","IVA repercutido","","","C","475","172","20"
"572.A","Banco","","B","","476","173","0"
"430.A","Cancelación vencimiento cliente","","","B","477","173","5"
"4750.A","H.P. acreedora deuda tributaria (vence → aplazada)","","B","","478","174","0"
"4758.A","H.P. deudora por aplazamiento concedido","","","B","479","174","5"
"669.A","Intereses de demora — aplazamiento Hacienda","","B","","480","175","0"
"4758.A","Aumento deuda aplazada por intereses devengados","","","B","481","175","5"
"4758.A","Cancelación capital del plazo aplazado","","B","","482","176","0"
"669.A","Intereses de demora del plazo","","C","","483","176","5"
"572.A","Banco — pago total del plazo","","","Z","484","176","10"
"669.A","Recargo por presentación fuera de plazo","","B","","485","177","0"
"572.A","Banco pago recargo","","","B","486","177","5"
"659.A","Recargo de apremio (no deducible IS)","","B","","487","178","0"
"572.A","Banco pago recargo apremio","","","B","488","178","5"
"631.A","Tasa vado permanente entrada vehículos","","B","","489","179","0"
"572.A","Banco pago tasa vado","","","B","490","179","5"
"631.A","Tasa recogida basuras / residuos urbanos","","B","","491","180","0"
"572.A","Banco pago tasa residuos","","","B","492","180","5"
"631.A","IBI local / nave empresa","","B","","493","181","0"
"572.A","Banco pago IBI","","","B","494","181","5"
"631.A","IVTM impuesto circulación vehículo empresa","","B","","495","182","0"
"572.A","Banco pago IVTM","","","B","496","182","5"
"631.A","Tasa ocupación vía pública","","B","","497","183","0"
"572.A","Banco pago tasa","","","B","498","183","5"
"631.A","Tasa licencia apertura actividad","","B","","499","184","0"
"572.A","Banco pago tasa apertura","","","B","500","184","5"
"631.A","Contribución especial obra municipal","","B","","501","185","0"
"572.A","Banco pago contribución especial","","","B","502","185","5"
"631.A","Tasa recogida residuos selectiva empresa","","B","","503","186","0"
"572.A","Banco pago tasa","","","B","504","186","5"
